Alan Turing,OK,OK,OK,OK,OK,OK,OK,OK,OK,OK,OK,OK,OK,OK,OK,OK,OK,OK,OK,OK,OK,OK,OK,OK,OK,OK,OK,OK,OK,,,,OK,OK,OK,OK,OK,,,,,OK,OK,OK,OK,OK,OK,OK,OK,OK,OK,,,,,,OK,OK,OK,OK,OK,OK,OK,OK,OK,OK,OK,OK,OK,OK,OK,OK,OK,OK,OK,OK,OK,OK,OK,,,,,OK,OK,OK,OK,,,,,,,,,,,OK,OK,OK,OK,,,,,,,,OK,OK,OK,OK,OK,OK,OK,OK,,,,,,,OK,OK,OK,OK,OK,,,OK,OK,OK,OK,OK,OK,OK,OK,OK,OK,,,OK,OK,OK,OK,OK,OK,OK,OK,OK,OK,OK,OK,OK,OK,OK,OK,OK,OK,OK,OK,OK,OK,OK,OK,OK,OK,OK,OK,OK,OK,OK,OK,OK,OK
Grace Hopper,OK,OK,OK,OK,OK,OK,OK,OK,OK,OK,OK,OK,OK,OK,OK,OK,OK,OK,OK,OK,OK,OK,OK,OK,OK,,,OK,OK,OK,OK,,,,,OK,OK,OK,OK,OK,OK,OK,OK,OK,OK,OK,OK,OK,OK,OK,,,OK,OK,OK,OK,OK,OK,OK,OK,,,,,,,,,,OK,OK,OK,OK,OK,OK,,,OK,OK,OK,,,,,,,,,,,,,,,OK,OK,OK,OK,OK,,,,,,,,,,OK,OK,,,,,,,,,,OK,OK,OK,OK,OK,OK,,,OK,OK,OK,OK,OK,OK,OK,OK,OK,OK,OK,OK,OK,OK,OK,OK,OK,OK,OK,OK,OK,OK,OK,,,,,,,,,,,,,,,,,,,,,,OK,OK,OK,OK
Ada Lovelace,OK,OK,OK,OK,OK,OK,OK,OK,,,,,OK,OK,OK,OK,OK,OK,OK,OK,OK,OK,,,,OK,,,,,,,,,,,,,,,,,,OK,OK,OK,OK,OK,OK,OK,,,,,,,,,,,,,,,,OK,,,,,OK,OK,,,,,,,,,,,,,,,,,,,,,,OK,OK,OK,OK,OK,OK,OK,,,,,,OK,OK,OK,OK,OK,,,,,,,,OK,,,,,,,OK,,,,,,,,,,,,OK,OK,OK,OK,OK,OK,OK,OK,OK,OK,OK,OK,OK,OK,,,,,,,,,,,,,,,,,,,,,,,,,
Barbara Liskov,,,,,,,OK,OK,OK,OK,OK,OK,OK,OK,OK,OK,OK,OK,OK,OK,OK,OK,,,,,,,,,,,,,,,,,,OK,OK,OK,OK,OK,OK,OK,OK,,,,,,,,,,,,,,,,,,,,OK,OK,OK,OK,OK,OK,,,,,,,,,,,,,,OK,OK,OK,OK,OK,OK,OK,OK,OK,OK,OK,OK,OK,OK,OK,,,,,,,,,,,,,,,,,OK,OK,OK,OK,OK,OK,OK,OK,OK,,,,,,,,,,,,,,,OK,OK,OK,OK,OK,OK,OK,OK,,,,,,,,,,OK,OK,OK,OK,OK,OK,OK,OK,OK,OK,OK,OK,OK,OK,OK,OK,,,
Alan Kay,OK,OK,OK,OK,,,,,OK,OK,OK,OK,OK,OK,OK,OK,OK,OK,OK,OK,OK,OK,OK,OK,,,,,,OK,OK,OK,OK,OK,OK,OK,OK,OK,OK,OK,OK,OK,OK,OK,OK,OK,OK,OK,OK,OK,OK,,,,,,,,,,,,OK,OK,OK,OK,,,,,,,OK,OK,OK,,,,,OK,OK,OK,OK,OK,OK,OK,OK,,,,,,OK,OK,OK,OK,,,,,,,,,OK,OK,OK,OK,OK,OK,OK,OK,OK,OK,OK,OK,OK,OK,OK,OK,OK,OK,OK,OK,OK,,,,,OK,OK,OK,OK,OK,OK,OK,OK,OK,OK,OK,OK,OK,,,,,,,,,OK,OK,OK,OK,OK,,,,,,,,OK,OK,OK,OK,OK,OK,,,,,,,
Shafi Goldwasser,OK,OK,OK,OK,OK,OK,OK,OK,,,,,OK,OK,OK,OK,OK,OK,OK,OK,,,,,,,,,,,,,,,,,,,,,,,,,,,,,,,,,,,,,,,,,,,,,,,,OK,OK,OK,OK,OK,OK,OK,OK,OK,OK,OK,OK,OK,OK,,,,,,,,,,,,OK,OK,OK,OK,OK,OK,,,,,,,,,,,,,,,,,,,,OK,,,,,,,,OK,OK,,,,OK,OK,OK,OK,OK,,,OK,OK,OK,OK,OK,OK,OK,,,,,,,OK,OK,OK,OK,OK,OK,OK,OK,OK,OK,OK,OK,OK,OK,OK,OK,OK,OK,OK,OK,OK,OK,OK,OK,OK
Anita Borg,,,,,,,,,,,,,,OK,OK,OK,OK,OK,OK,OK,OK,OK,OK,OK,OK,OK,OK,OK,OK,OK,OK,,,,,,,,,,,,,,,,,,,,OK,OK,OK,OK,OK,OK,,,,,OK,OK,OK,OK,OK,OK,OK,OK,OK,OK,OK,OK,OK,,,,OK,OK,OK,OK,OK,,,,,,,,,,,OK,OK,,,,,OK,OK,OK,OK,OK,OK,OK,OK,OK,,,,,OK,OK,OK,OK,OK,OK,OK,OK,OK,OK,OK,OK,,,,OK,OK,OK,OK,OK,OK,,,,,OK,OK,OK,OK,OK,OK,OK,OK,OK,OK,OK,OK,OK,OK,OK,,,,,,,,,,,,,,,,,,,,,,,,,
Steve Wozniak,OK,OK,OK,OK,OK,OK,OK,OK,OK,OK,OK,OK,OK,OK,OK,OK,OK,OK,OK,OK,OK,OK,OK,OK,OK,,,,,OK,OK,OK,OK,,,,,,,OK,OK,OK,OK,OK,OK,OK,OK,OK,OK,OK,,,,,,,,,,,,,,,,,,,,OK,OK,OK,OK,OK,OK,,,,,OK,OK,OK,OK,,,,,,,,,,,,OK,,,,,OK,,,,,,,,,,,,,,,,,,,,OK,OK,OK,OK,OK,OK,,,,,OK,OK,,,,,,,,,OK,OK,OK,OK,OK,OK,OK,OK,OK,OK,OK,OK,OK,OK,OK,OK,OK,OK,OK,OK,OK,OK,OK,,,,,OK,OK,OK,OK,OK,OK,OK,OK,OK
Sergey Brin,OK,OK,OK,OK,OK,OK,OK,OK,OK,OK,OK,OK,OK,OK,OK,OK,OK,OK,OK,OK,OK,OK,OK,OK,OK,OK,,,,,,,OK,OK,OK,,,,,,OK,OK,OK,OK,OK,OK,OK,OK,OK,OK,OK,OK,OK,OK,OK,OK,OK,OK,OK,OK,OK,OK,,,,OK,OK,OK,OK,OK,OK,OK,OK,OK,OK,,,,,,,,OK,OK,OK,,,,,,OK,OK,OK,OK,OK,OK,OK,OK,OK,OK,OK,OK,OK,OK,,,,OK,OK,OK,OK,OK,OK,OK,OK,OK,OK,OK,OK,OK,OK,OK,OK,OK,OK,OK,,,,,,,OK,OK,OK,,,,,,OK,OK,OK,OK,OK,OK,OK,OK,OK,OK,OK,OK,OK,OK,OK,OK,OK,OK,OK,OK,OK,OK,OK,OK,OK,OK,OK,OK,OK,OK,OK,OK,OK,OK,OK
Tim Berners-Lee,,,,,,,,,,,,,,,,,,,,,,,,,,OK,OK,,,,,,,,,,,,,,,,,,OK,OK,OK,,,,,,,,,,,,,,,,,,,OK,OK,OK,OK,OK,,,,,,OK,OK,OK,OK,OK,OK,,,,,,,,,,,,,,OK,OK,OK,OK,OK,OK,,,,,,,,,,,OK,OK,OK,OK,OK,OK,OK,OK,OK,OK,OK,OK,,,,,,,,,,,,OK,OK,OK,OK,OK,OK,OK,OK,OK,OK,OK,OK,OK,OK,OK,,,,,,,,,,,,,,,,,,,,,,,,,,,
Marissa Mayer,,,,,,,,,,,,,,,,,,,,,,,,,,OK,OK,,OK,OK,OK,OK,,,,,,,,,,OK,OK,OK,OK,,,,,,,,,,,,,,,,,,,,,,OK,OK,OK,OK,OK,OK,OK,,,,,,,,,,,,,,,OK,OK,OK,OK,OK,OK,OK,,,,,,,,,,,,,,,,,,,,,,,OK,OK,OK,OK,OK,OK,OK,,,,,,,,,,,,,,,,,,,OK,OK,OK,OK,OK,OK,OK,,,,,,,,,,,,,,,,,,,,,,,,,,,
Sophie Wilson,OK,OK,OK,OK,OK,OK,,,,,,,,,,,,OK,OK,OK,OK,OK,OK,OK,OK,,,,,,,,,,,OK,OK,OK,OK,OK,OK,,,OK,OK,OK,OK,,,,,,,,OK,OK,OK,OK,OK,OK,OK,OK,OK,OK,,,,,,,,,OK,OK,OK,,,,,OK,OK,OK,OK,OK,OK,OK,OK,OK,OK,OK,OK,,,OK,OK,OK,OK,OK,OK,OK,,,,,OK,OK,OK,OK,OK,OK,,,OK,OK,OK,OK,,,,,,,,,,,,OK,OK,OK,OK,,,,,,,OK,OK,OK,OK,OK,OK,OK,OK,OK,OK,OK,OK,OK,OK,OK,OK,OK,OK,OK,OK,OK,OK,OK,OK,OK,OK,OK,OK,OK,OK,OK,OK,OK,OK,OK,OK,OK,OK
Stephen Cook,OK,OK,OK,OK,OK,OK,OK,OK,OK,OK,OK,OK,OK,OK,OK,OK,OK,OK,OK,OK,OK,OK,OK,OK,OK,,,,,,,,,,,,,,OK,OK,OK,OK,,,,,,,,,,,,,OK,OK,OK,,,,,OK,OK,,,,,OK,OK,OK,OK,,,,,,,,,,,,,,,,OK,OK,OK,OK,OK,OK,,,,,OK,OK,OK,OK,,,,,,,,,,OK,OK,OK,OK,,,,,,,,,,,,,,,,,,,,,,,OK,OK,OK,OK,OK,OK,OK,OK,OK,OK,OK,OK,OK,OK,OK,,,,,OK,OK,OK,OK,OK,OK,OK,OK,OK,OK,OK,OK,OK,OK,OK,OK,OK,OK,OK,OK,OK
Jean Sammet,,,,,,,,,,,,,,,,,,,,,,,,,,,,,,,,,,,,,,,,,,,,,,,,,,,,,,,,,,,,,,,,,,,,,OK,OK,OK,,,,,,,,,,,,,,,,,,,,,,OK,OK,OK,OK,OK,OK,,,,,,,,,,,,,,,,,,,,OK,OK,OK,OK,OK,OK,,,,,,,,,,,,,,,,,,,,,,,,,,,,,,,,,,,,,,,,,,,,,,,,,,,,
Frances Allen,,,,,,,,,,,,,,,,,,,,,,,,,,,,,,,,,,,,,,OK,OK,OK,OK,,,,,,,,,,,,,,,,,,,,,,,OK,OK,OK,OK,OK,OK,OK,OK,OK,OK,OK,OK,,,,,,,,,,,,,OK,OK,OK,OK,OK,OK,OK,OK,OK,OK,OK,OK,OK,,,,,,,,,,,,,,,,,,,OK,OK,OK,OK,OK,OK,OK,,,,,,,,,,,,,,,,,,,,,,,,,,,,,,,,,,,,,,,,,,,,,,,,,,
Radia Perlman,,,,,,,,,,,,,,,,,,,,,,,,,,,,,,,,,,,,,,,,,,,,,,,,,,,,,,,,,,,,,,,,,,,,,,,,,,,,,,,,,,,,,,,,,,,,,,,,,,,,,,,,,,,,,,,,,,,,,,,OK,OK,OK,,,,,,,,,,,,,,,,,,,,,,,,,,,,,,,,,,,,,,,,,,,,,,,,,,,,,,
John Backus,,,,,,,,,,,,,,,,,,,,,,,,,,,,,,,,,,,,,,,,OK,OK,OK,OK,OK,OK,OK,OK,OK,OK,OK,,,,,,,,,,,,,,,,,OK,OK,OK,OK,OK,OK,OK,,,,,,,,,,,,,,,,,,,,,OK,OK,OK,OK,OK,,,,,,,,,,,,,,,,,,,OK,OK,OK,OK,OK,OK,OK,,,,,,,,,,,,,,,,,,,,,,,,,,,,,,,,,,,,,,,,,,,,,,,,,,,,
Jeannette Wing,OK,OK,OK,OK,OK,OK,OK,OK,OK,OK,OK,OK,OK,OK,OK,OK,OK,OK,OK,OK,OK,OK,,,OK,OK,OK,,,OK,OK,,,OK,OK,,,,,OK,OK,OK,OK,OK,OK,OK,OK,OK,OK,OK,OK,OK,OK,OK,,,,,,,OK,OK,OK,OK,OK,OK,OK,OK,OK,OK,OK,OK,OK,OK,OK,OK,OK,,,,,,,,,,,,,,,OK,OK,OK,OK,OK,OK,OK,OK,OK,OK,OK,OK,OK,OK,OK,OK,,,,OK,OK,OK,OK,OK,OK,OK,OK,OK,OK,OK,OK,OK,OK,OK,OK,OK,,,OK,OK,OK,OK,OK,OK,,,,,OK,OK,OK,OK,OK,OK,OK,OK,OK,OK,OK,OK,OK,OK,OK,OK,OK,OK,OK,OK,OK,OK,OK,OK,OK,OK,OK,OK,OK,OK,OK,OK,OK,OK,OK,OK
Rosalind Picard,,,,,,,,,,,,,OK,OK,OK,OK,OK,OK,,,,,,,,,,,,,,,,,,OK,OK,OK,OK,OK,OK,,,,,,,,,OK,,,,,OK,OK,OK,OK,OK,OK,OK,OK,,,,,OK,OK,OK,OK,OK,OK,OK,OK,OK,,,,,,,,,,,,,OK,OK,OK,OK,OK,OK,,,OK,OK,OK,,,,,,,,,,,,,OK,OK,,,,,OK,OK,OK,,,,,,,,,,OK,OK,OK,,,,,,,,,,,,,,,,,,,,,,,,OK,OK,OK,OK,,,,,,,,,,,,,,,,,
Edgar Codd,,,OK,OK,OK,OK,OK,,,,,,,,,,,,OK,OK,OK,OK,OK,OK,OK,,,OK,OK,,,OK,OK,OK,OK,OK,OK,OK,OK,OK,OK,OK,OK,OK,OK,,,OK,OK,OK,,,OK,OK,,,,,,,OK,OK,OK,OK,,,,OK,OK,OK,,,OK,OK,OK,,,OK,OK,,,OK,OK,,,,,OK,OK,OK,OK,,OK,OK,OK,,,OK,OK,OK,,,OK,OK,,,,,,,,,,,,,,OK,OK,OK,,,OK,OK,OK,,,OK,OK,,,OK,OK,OK,OK,OK,OK,OK,OK,OK,OK,OK,OK,OK,OK,OK,OK,OK,OK,OK,,,,,,,OK,OK,OK,OK,OK,OK,OK,OK,OK,OK,OK,OK,OK,OK,OK,OK,OK,OK,OK
John von Neumann,,,,,,,OK,OK,OK,OK,OK,OK,OK,OK,OK,OK,,,,,,OK,OK,OK,OK,,,,,,,,,OK,,OK,OK,,,,,OK,OK,,,,OK,OK,OK,,,,,,,,,,,,,,,OK,OK,OK,OK,OK,OK,OK,OK,OK,,,,,,,,,,,,,,,,,,,,OK,OK,OK,OK,OK,OK,OK,OK,OK,,,,,,,,,,,,,,OK,OK,OK,OK,OK,OK,OK,,,,,,,,,,,,,,,,,,,,OK,OK,OK,OK,OK,OK,,,,,,,,,,,,,,,,,,,,,,,,,,,,,,
James Gosling,,,,,,,,,,,,,OK,OK,OK,OK,OK,OK,OK,,,,,,,,,,,,,,,,,,,OK,OK,OK,OK,,,,,OK,OK,,,,,,,,,,,,,,,,,,,,,OK,OK,OK,OK,OK,,,,,,,,,,,,,,,,OK,OK,OK,OK,,,,,OK,OK,,,,,,,,,,,,,,,,,,,,,OK,OK,OK,OK,OK,,,,,,,,,,,,,,,,OK,OK,OK,OK,OK,OK,OK,OK,,,,,,,,,,,,,,,,,,OK,OK,OK,OK,OK,OK,OK,OK,,,,,
Brian Kernighan,,,OK,OK,OK,OK,,,,,,,,,,,,,,,,,,OK,OK,,,OK,OK,OK,OK,,,OK,OK,OK,OK,OK,OK,,,,,,,,,,,OK,OK,,,,,,,,,,,,,,,,,,,,,,OK,OK,OK,,,OK,OK,OK,OK,,,,,,,,,,,,,,,,,,OK,OK,OK,,,,,,,,,,,,,,,,,,,,,,,OK,OK,,,OK,OK,OK,OK,,,,,,,,,,,,,OK,OK,OK,OK,OK,OK,OK,,,,,,OK,OK,OK,OK,OK,OK,OK,OK,OK,OK,OK,OK,OK,OK,OK,OK,OK,,,
Jennifer Widom,,,OK,OK,OK,OK,OK,OK,OK,OK,OK,OK,OK,OK,OK,OK,OK,OK,OK,OK,,,,,,,,,,,,,,,,,,,,,,,,,,,,,,,,,,,,,,,,,,,,,,,,,,OK,OK,OK,OK,OK,OK,,,,,,,,,,,,,,,,,,,OK,OK,OK,OK,OK,OK,OK,,,,,,,,,,,,,,,,,,,,OK,OK,OK,OK,OK,OK,,,,,,,,,,,,,,,OK,OK,OK,OK,OK,OK,OK,OK,OK,OK,OK,,,,,OK,OK,OK,OK,OK,OK,OK,OK,OK,OK,OK,OK,OK,OK,OK,OK,OK,,,,
Edsger Dijkstra,OK,OK,OK,OK,OK,OK,OK,OK,OK,OK,OK,OK,OK,OK,OK,OK,OK,OK,OK,OK,OK,OK,OK,OK,OK,OK,OK,OK,OK,,,,OK,OK,OK,,,,,,,,OK,OK,OK,OK,OK,,,,,,,,OK,OK,OK,OK,OK,OK,,,,,,,,,OK,OK,OK,OK,OK,,,OK,OK,OK,OK,,,,,,,,,OK,OK,OK,OK,OK,OK,OK,,,OK,OK,OK,OK,,OK,OK,OK,OK,OK,OK,OK,OK,OK,,,,,,,,,OK,OK,OK,OK,OK,OK,OK,OK,OK,,,OK,OK,OK,OK,OK,OK,OK,OK,OK,OK,OK,OK,OK,OK,OK,OK,OK,OK,OK,OK,OK,OK,OK,OK,OK,OK,OK,OK,OK,OK,OK,OK,OK,OK,OK,OK,OK,OK,OK,OK,OK,OK,OK,OK,OK,OK
Larry Page,,,,,,,,,,,,,,,,,,,,,,,,,,,,,,,,,,,,,,,,,,,,,,,,,,,,,,,,,,,,,,,,,,,,,OK,OK,OK,OK,OK,,,,,,,,,,,,,,,,,,,,,OK,OK,OK,OK,OK,,,,,,,,,,,,,,,,,,,,,OK,OK,OK,OK,OK,,,,,,,,,,,,,,,,,,,,,,,,,,,,,,,,,,,,,,,,,,,,,,,,,,,,
Daphne Koller,,,,,,,,,,,,,,,,,,,,,,,,,,,,,,,,,,,,,,,,,,OK,OK,OK,OK,OK,OK,OK,OK,OK,,,,,,,,,,,,,,,,,OK,OK,OK,OK,OK,OK,OK,OK,OK,,,,,,,,,,,,,,,,,,,,,,,,,,,,,,,,,,,,,,,,,,,,,,,,,,,,,,,,,,,,,,,,,,,,,,,,,,,,,,,,,,,,,,,,,,,,,,,,,,,,
Winifred Asprey,,,,,,,,,,,,,,OK,OK,OK,OK,OK,OK,OK,OK,OK,OK,OK,OK,,,,,,,,,,,,,,,,,,,,OK,OK,OK,OK,,OK,,,,,,,,,,,,,,,,,,,OK,OK,OK,OK,,,,,,,,,,,,,,,,,,,,OK,OK,OK,OK,OK,OK,OK,OK,OK,,,,,,,,,,,,,,,,,OK,OK,OK,OK,OK,OK,OK,OK,OK,,,,,,,,,,,,,,,OK,OK,OK,OK,OK,OK,OK,OK,,,,,,,,,,,,,,,,OK,OK,OK,OK,OK,OK,OK,OK,OK,OK,OK,OK,
Annie Easley,OK,OK,OK,OK,OK,OK,OK,OK,OK,OK,OK,OK,OK,OK,OK,OK,OK,OK,OK,OK,OK,OK,OK,OK,OK,,,,,,,,,,,,,,,,OK,OK,OK,OK,OK,OK,OK,OK,OK,OK,,,,,,,,,,,,,,,OK,OK,OK,OK,OK,OK,OK,OK,OK,OK,OK,,,,,,,,,,,,,,OK,OK,OK,OK,OK,OK,OK,OK,OK,OK,OK,OK,,,,,,,,,,,,,,,,OK,OK,OK,OK,OK,OK,OK,OK,OK,OK,,,,,,,,,,,,,OK,OK,OK,OK,OK,OK,OK,OK,OK,OK,OK,OK,OK,,,,,,,,,,,OK,OK,OK,,OK,OK,OK,OK,OK,OK,OK,OK,OK,OK,OK
Wang Xiaoyun,,,,,,,,,,,,,,,,,,,,,,,,,,,,,,,,,,,,,,,,,,,,,,,,,,,,,,,,,,,,,,,,,,,OK,OK,OK,OK,OK,OK,OK,OK,OK,,,,,,,,,,,,,,,,,,,OK,OK,,,,,,,,,,,,,,,,,,,,,,OK,OK,OK,OK,OK,OK,OK,,,,,,,,,,,,,,,,,,,,,,,,,,,,,,,,,,,,,,,,,,,,,,,,,,,,
Alonzo Church,,,,,,,OK,OK,OK,OK,OK,OK,OK,OK,OK,OK,OK,OK,,,,,,,,,,OK,OK,OK,OK,OK,,,,,,,,,,,,,,,OK,OK,OK,OK,,,,,,,,,,,,,,,,,,,OK,OK,OK,OK,,,,,,,,,,,,,,,,,,,,,,,,,,,,,,,,,,,,,,,,,,,,,,,,,,,,,,,,,,,,,,,,,,,,,,,,,,,,,,,,,,,,,,,,,,,,,,,,,,,,,,,
Robert Kahn,,,,,OK,OK,OK,OK,OK,OK,OK,OK,OK,OK,,,,,,,,,,,,,,,,,,,,,,OK,OK,OK,OK,OK,OK,OK,OK,OK,OK,,,,,,,,,,,,,,OK,OK,OK,OK,OK,OK,,,,,,,OK,OK,OK,OK,OK,,,,,,,,,,,,,,,,,,,,,,,,,,,,OK,OK,OK,OK,,,,,,,,,,,,,,,,OK,OK,OK,,,,,,,,,,,,,,,,,,,,OK,OK,OK,OK,,,,,,OK,OK,OK,OK,OK,OK,OK,OK,,,,,,,,,OK,OK,OK,OK,,,
Adi Shamir,,,,,,,,,OK,OK,OK,OK,OK,OK,OK,OK,OK,OK,OK,OK,OK,OK,OK,OK,OK,,,,,,,,,,,,,,,,,OK,OK,OK,OK,OK,OK,OK,OK,,,,,,,,,,,,,,,,,,,,,OK,OK,OK,OK,OK,,,,,,,,,,,,,,,,,,OK,OK,OK,OK,OK,OK,OK,OK,,,,,,,,,,,,,,,,,,,,,OK,OK,OK,OK,OK,,,,,,,,,,,,,,,,,,,,,,,,,,,,,,,,,,,,,,,,,,,,,,OK,OK,OK,OK,,
Jean Bartik,,,,,,,,,,,,,OK,OK,OK,OK,OK,OK,OK,OK,OK,OK,OK,OK,OK,,,OK,,,,OK,OK,OK,OK,OK,,,,,,OK,OK,OK,OK,OK,OK,OK,OK,OK,,,,,,,,,,,OK,OK,OK,OK,OK,OK,OK,OK,OK,OK,OK,OK,OK,OK,OK,,,OK,,,,,,,,,,,,,,OK,OK,OK,OK,OK,,,,,,,,,,,,,,,,,,,,,OK,OK,OK,OK,,,,,,OK,OK,OK,OK,OK,OK,OK,OK,OK,OK,OK,OK,OK,OK,,,OK,OK,OK,OK,OK,OK,OK,OK,OK,,,,,,,,,,,,,OK,OK,OK,OK,OK,OK,OK,OK,OK,OK,OK,OK,OK
Yukihiro Matsumoto,,,OK,OK,OK,,,,,,,,,,,,,,,,,,,,,OK,OK,OK,OK,OK,OK,OK,,,,,,,,,,,,,,,,,,,OK,OK,OK,OK,,,,,,,,,,,,,OK,OK,OK,OK,OK,OK,OK,OK,OK,OK,OK,OK,OK,OK,,,,,,,,,,,,OK,OK,OK,OK,OK,OK,OK,OK,OK,OK,OK,OK,OK,,,,,OK,OK,OK,OK,OK,OK,OK,OK,OK,OK,OK,OK,OK,OK,OK,OK,OK,,,OK,OK,OK,OK,OK,OK,,,,,,,OK,OK,OK,OK,OK,OK,OK,OK,OK,OK,OK,,,,,OK,OK,OK,,,,,,,,,,OK,OK,OK,OK,,,,,
Maria Klawe,OK,OK,OK,OK,,,,,,OK,OK,OK,OK,OK,OK,OK,OK,OK,,,,,,,,OK,OK,,,,,,,,OK,OK,OK,OK,OK,OK,OK,OK,OK,OK,OK,OK,OK,OK,OK,OK,OK,OK,,,OK,OK,OK,,,,,OK,OK,,,,,,,OK,OK,OK,OK,OK,OK,,,,,,,OK,OK,OK,OK,OK,OK,OK,OK,OK,OK,OK,OK,OK,OK,,,,,,OK,OK,,,,,,,,,OK,OK,OK,,,,,,,OK,OK,OK,OK,OK,OK,OK,OK,OK,OK,OK,OK,OK,,,,,OK,OK,OK,OK,OK,OK,OK,OK,OK,OK,OK,OK,OK,OK,OK,OK,OK,OK,OK,OK,OK,OK,OK,OK,OK,OK,OK,OK,OK,OK,OK,OK,OK,OK,OK,OK,OK,OK,OK
Leslie Lamport,,,,,,,,,,,,,,,,,,,,,,,,,,,,,,,,,,,,,,,,,,OK,OK,OK,OK,OK,OK,OK,OK,OK,,,,,,,,,,,,,,OK,OK,,,,,,OK,OK,OK,OK,OK,,,,,,,,,,,,,,,OK,OK,OK,OK,OK,OK,OK,OK,,,,,,,,,,,,,,,,,OK,OK,OK,,,,,,OK,,,,,,,,,,,,,,,,,,,,,,,,,,,,,,,,,,,,,,,,,,,,,,,,,,,,,
Dennis Ritchie,OK,OK,OK,OK,OK,OK,OK,OK,OK,OK,OK,OK,OK,OK,OK,OK,OK,OK,OK,OK,OK,OK,OK,OK,OK,OK,OK,,,,,,,OK,OK,OK,OK,,,OK,OK,OK,OK,OK,OK,OK,OK,OK,OK,OK,,,,,,,,,OK,OK,OK,OK,OK,OK,OK,OK,OK,OK,OK,OK,OK,OK,OK,OK,OK,,,,,,,,,OK,OK,OK,OK,,,,,,,OK,OK,OK,OK,OK,OK,OK,,,,,,,,,OK,OK,OK,OK,OK,OK,OK,OK,OK,OK,OK,OK,OK,OK,OK,OK,OK,,,,,,,,,OK,OK,OK,OK,,,OK,OK,OK,OK,OK,OK,OK,OK,OK,OK,OK,OK,OK,OK,OK,OK,OK,OK,OK,OK,OK,OK,OK,OK,OK,OK,OK,OK,OK,OK,OK,OK,OK,OK,OK,OK
Karen Jones,,,,,,,OK,OK,OK,OK,OK,OK,OK,OK,OK,OK,,,,OK,OK,OK,OK,OK,OK,,,,,,OK,,,,OK,OK,OK,OK,OK,,,,,,OK,OK,OK,OK,,,,,OK,,,,,,,,,,,,,,,,,,OK,OK,,,,,,,,,,,,,OK,OK,OK,OK,OK,,,,,,OK,OK,OK,OK,OK,OK,,,,,,,,,,,OK,OK,OK,OK,OK,OK,,,,,OK,OK,OK,OK,OK,,,,,,,,,,,OK,OK,OK,OK,OK,OK,,,,,,,OK,OK,OK,,,,,OK,OK,OK,OK,OK,OK,OK,OK,OK,OK,OK,OK,OK,OK,OK,OK,OK,OK,OK,OK,OK
Susan Landau,OK,OK,OK,OK,OK,OK,OK,OK,OK,OK,OK,OK,OK,OK,OK,OK,OK,,,,,,,,,,,,,,,OK,OK,OK,OK,OK,OK,OK,OK,OK,OK,OK,OK,OK,OK,,,,,,,,,,,,OK,OK,OK,OK,OK,OK,OK,,,,,OK,OK,OK,OK,OK,OK,OK,OK,,,,,,,OK,OK,OK,OK,OK,OK,OK,OK,OK,OK,OK,OK,OK,OK,OK,OK,OK,OK,OK,,,,,,,OK,OK,OK,OK,OK,OK,OK,,,,,,,,,,,,,,,,,,,OK,OK,OK,OK,OK,,,,,,,,,,,,,,,OK,OK,OK,OK,OK,OK,OK,OK,OK,OK,OK,OK,OK,OK,OK,OK,OK,OK,OK,OK,,,,,
Vinod Khosla,OK,OK,OK,OK,OK,OK,OK,OK,OK,OK,OK,OK,OK,OK,OK,OK,OK,OK,,,,OK,OK,OK,OK,OK,OK,,,OK,OK,OK,OK,OK,OK,,,,,,OK,OK,OK,OK,OK,OK,OK,OK,OK,OK,OK,OK,OK,OK,,,,OK,OK,OK,OK,OK,OK,,,,,OK,OK,OK,OK,OK,,,,OK,OK,,,OK,OK,OK,OK,OK,OK,,,,,,OK,OK,OK,OK,OK,OK,,,,,OK,OK,,,,,,OK,OK,OK,OK,OK,OK,,,,,OK,OK,OK,OK,,,,,OK,OK,,,OK,OK,OK,OK,OK,OK,,,OK,OK,OK,OK,OK,OK,OK,OK,OK,OK,OK,OK,OK,OK,OK,OK,OK,OK,OK,OK,OK,OK,OK,OK,OK,OK,OK,OK,OK,OK,OK,OK,OK,OK,OK,OK,OK,OK
Wendy Hall,OK,OK,OK,OK,OK,OK,OK,OK,OK,OK,OK,OK,OK,OK,OK,OK,OK,OK,OK,OK,OK,OK,OK,OK,OK,,,OK,OK,OK,OK,OK,,,,OK,OK,OK,OK,OK,OK,OK,OK,OK,OK,OK,OK,OK,OK,OK,OK,OK,OK,OK,OK,,,OK,OK,OK,OK,,,OK,OK,OK,OK,OK,OK,OK,OK,OK,OK,OK,OK,,,OK,OK,OK,OK,OK,,,,,,OK,OK,OK,OK,OK,,,,OK,OK,OK,OK,OK,OK,OK,OK,OK,OK,,,OK,OK,OK,OK,,,OK,OK,OK,OK,OK,OK,OK,OK,OK,OK,OK,OK,OK,,,,,,,,,OK,OK,OK,OK,OK,OK,OK,OK,OK,OK,OK,OK,OK,OK,OK,OK,OK,OK,OK,OK,OK,OK,OK,OK,OK,OK,OK,OK,OK,OK,OK,OK,OK,OK,OK,OK,OK,OK,OK,OK,OK
Betty Holberton,OK,OK,OK,OK,OK,OK,OK,OK,OK,OK,OK,OK,OK,OK,OK,OK,,,,OK,OK,OK,,,,,,,,,,,,,,,OK,OK,,,,,,,OK,OK,OK,,,,OK,,,,,OK,OK,OK,,,,OK,OK,OK,OK,OK,,,,OK,OK,OK,,,,,,,,,,,,,OK,OK,OK,OK,OK,OK,OK,OK,OK,OK,,,,,,,OK,,,,,OK,OK,OK,,,,OK,OK,OK,OK,OK,,,,,,,,OK,OK,,,,,,OK,OK,OK,OK,OK,OK,OK,OK,OK,OK,OK,OK,OK,OK,OK,OK,OK,OK,OK,OK,OK,OK,OK,OK,OK,OK,OK,OK,OK,OK,OK,OK,OK,OK,OK,OK,OK,OK,OK,OK,OK,OK,OK,OK,OK
Bjarne Stroustrup,OK,OK,OK,OK,OK,OK,OK,OK,OK,OK,OK,OK,OK,OK,OK,OK,OK,OK,OK,OK,OK,OK,OK,OK,OK,OK,OK,OK,OK,OK,,,,,,,,,,,OK,OK,OK,OK,OK,OK,OK,OK,OK,OK,,,,,,,,,OK,OK,OK,OK,OK,,,,OK,,,,,,OK,OK,OK,OK,OK,OK,OK,OK,OK,OK,OK,OK,,,,,,OK,OK,OK,OK,OK,OK,OK,OK,OK,OK,OK,,,,,,,,,OK,OK,OK,OK,OK,,,,,,,OK,OK,OK,OK,OK,OK,,,OK,OK,OK,OK,OK,OK,OK,,,,,,OK,OK,OK,OK,OK,OK,OK,OK,OK,OK,OK,OK,OK,OK,OK,OK,OK,OK,OK,OK,OK,OK,OK,OK,OK,OK,OK,OK,OK,OK,OK,OK,OK,OK,OK,OK
Adele Goldberg,,,,,,,,,,,,,,,,,,,,OK,OK,OK,OK,OK,OK,,,,,,,,,,,,,,,OK,OK,OK,OK,OK,OK,OK,,,,,,,,,,,,,,,,,OK,OK,OK,OK,OK,OK,,,,,,,,,,,,,,,,,,,,,,,,OK,OK,OK,OK,OK,OK,OK,OK,OK,,,,,,,,,,,,,,,,OK,OK,OK,OK,OK,OK,,,,,,,,,,,,,,,,,,,,,OK,OK,OK,OK,OK,OK,OK,,,,,,,,,,,,,,,,,,,,,,,,,,,
Bill Joy,OK,OK,OK,,,,,,,,,OK,OK,OK,OK,,,,,OK,OK,OK,OK,OK,OK,,,OK,OK,OK,OK,OK,OK,OK,,,,OK,OK,,,,,,,,,,OK,OK,,,,,,,,,,,,,,,,,OK,OK,OK,OK,OK,OK,OK,OK,OK,,,,,,,,,,,,,,,,,,,,,,,,,,,,,,,,,,,,,,,,,,,OK,OK,OK,OK,OK,OK,OK,OK,OK,OK,OK,OK,OK,OK,OK,OK,OK,OK,OK,OK,OK,,,,,,OK,OK,OK,OK,OK,OK,OK,,,,,,,,,,,,,,,,,,,,,,,,,
Alan Perlis,OK,OK,OK,OK,,,,,,,OK,OK,OK,OK,OK,OK,OK,OK,,,OK,OK,OK,OK,OK,OK,OK,,,OK,OK,OK,OK,OK,OK,,,,,OK,OK,OK,OK,OK,,,,,,,OK,OK,OK,OK,OK,OK,OK,,,,OK,OK,OK,OK,OK,OK,OK,OK,OK,OK,OK,OK,OK,OK,OK,OK,OK,OK,OK,OK,OK,OK,OK,OK,OK,,,,,OK,OK,OK,OK,OK,OK,OK,OK,,,,OK,OK,OK,OK,OK,,,,,,OK,OK,OK,OK,OK,OK,OK,OK,OK,OK,OK,OK,OK,OK,OK,OK,OK,OK,OK,OK,OK,OK,OK,OK,OK,,,OK,OK,OK,OK,OK,OK,,,,,,,,,,,,,,,,,,,,,,,,,,,,,,,,